{"pt-BR": [{"bgColor": "", "directoryId": 518, "enhancedImageURI": "https://tiles.cdn.mozilla.net/images/13a62ee1b0f278f5c8461a2f53b1c5e555094aa3.28395.png", "imageURI": "https://tiles.cdn.mozilla.net/images/ffd391df73bc99bbceb76a45b2cc3384ad0dc06f.5133.png", "title": "Comunidade Mozilla", "type": "affiliate", "url": "http://contribute.mozilla.org/"}, {"bgColor": "", "directoryId": 519, "enhancedImageURI": "https://tiles.cdn.mozilla.net/images/c53584fd25e7b5b6aaeaf7600314bbd940f65792.17716.png", "imageURI": "https://tiles.cdn.mozilla.net/images/14b4ec9d17d00725250436d2def21ae553a3cac8.10194.png", "title": "Firefox para Android", "type": "affiliate", "url": "https://play.google.com/store/apps/details?id=org.mozilla.firefox&referrer=utm_source%3Dmozilla%26utm_medium%3Dbanner%26utm_campaign%3Ddesktop01"}, {"bgColor": "", "directoryId": 714, "enhancedImageURI": "https://tiles.cdn.mozilla.net/images/2a160ed3c36ecd23b234dfcfa929558b1ddeaf54.2542.png", "imageURI": "https://tiles.cdn.mozilla.net/images/2a160ed3c36ecd23b234dfcfa929558b1ddeaf54.2542.png", "title": "Booking.com", "type": "sponsored", "url": "http://www.booking.com/index.html?aid=398621;label=softwaremozilla-index-1_lang-pt_br&utm_source=softwaremozilla&utm_medium=tileindex&utm_term=index-1&utm_campaign=de_lang-pt_br"}, {"bgColor": "", "directoryId": 520, "enhancedImageURI": "https://tiles.cdn.mozilla.net/images/7cff3a283d04b9888d6bffa80486c379dbb5fe82.19234.png", "imageURI": "https://tiles.cdn.mozilla.net/images/86fd1ba5bd182e3a03b14a33592d334924086cc3.16851.png", "title": "Princ\u00edpios da Mozilla", "type": "affiliate", "url": "https://www.mozilla.org/about/manifesto/"}, {"bgColor": "", "directoryId": 521, "enhancedImageURI": "https://tiles.cdn.mozilla.net/images/a48ff0d17da960035cb9af52bfb83ed22ebd2665.26060.png", "imageURI": "https://tiles.cdn.mozilla.net/images/cd7ec38c39bfcbff4544839fdf7cfcb0ca881dfd.24356.png", "title": "Personalize o Firefox", "type": "affiliate", "url": "http://fastestfirefox.com/firefox/desktop/customize/"}, {"bgColor": "#fff", "directoryId": 692, "imageURI": "https://tiles.cdn.mozilla.net/images/8acf9436e1b315f5f04b9435a518bcd1aef131f8.5663.png", "title": "Mozilla Developer Network", "type": "affiliate", "url": "https://developer.mozilla.org/pt-BR/?utm_source=mozilla&utm_medium=firefox-tile&utm_campaign=default"}, {"bgColor": "", "directoryId": 523, "enhancedImageURI": "https://tiles.cdn.mozilla.net/images/13c21a898fb1f04655a297d9dc7005e49d93da12.23362.png", "imageURI": "https://tiles.cdn.mozilla.net/images/6c7ccfc9c0f620556c89df761b2cfcd6ab02362f.9938.png", "title": "Firefox Marketplace", "type": "affiliate", "url": "https://marketplace.firefox.com/"}, {"bgColor": "#3fb58e", "directoryId": 524, "enhancedImageURI": "https://tiles.cdn.mozilla.net/images/7c9714fdb7fdf4e0c5c25ae3aa8892efffd78d36.33008.png", "imageURI": "https://tiles.cdn.mozilla.net/images/0e6031675a9c491dd0c65e9c67cfbf54a5880f17.2295.svg", "title": "Mozilla Webmaker", "type": "affiliate", "url": "https://webmaker.org/?utm_source=directory-tiles&utm_medium=firefox-browser"}, {"bgColor": "", "directoryId": 525, "enhancedImageURI": "https://tiles.cdn.mozilla.net/images/aba533a0c9417be6e1e013a49f2ab58b063ad13c.14957.png", "imageURI": "https://tiles.cdn.mozilla.net/images/28f2b4e75107013be1d3802c5965572a6d5fd8d3.10600.png", "title": "Firefox Sync", "type": "affiliate", "url": "http://mozilla-europe.org/firefox/sync"}, {"bgColor": "", "directoryId": 526, "enhancedImageURI": "https://tiles.cdn.mozilla.net/images/51cde9a864ca43f74d3bac8448cc6321da1fab72.20076.png", "imageURI": "https://tiles.cdn.mozilla.net/images/0af4c6b1a12d3af13cd9eec134643aa5f0198ffc.13517.png", "title": "Princ\u00edpios sobre Privacidade", "type": "affiliate", "url": "http://europe.mozilla.org/privacy/you"}]}