{"chrome://browser/content/browser.xul":{"navigator-toolbox":{"iconsize":"small"},"main-window":{"width":"1024","height":"546","screenX":"4","screenY":"4","sizemode":"maximized"},"titlebar-placeholder-on-menubar-for-caption-buttons":{"width":"106"},"titlebar-placeholder-on-TabsToolbar-for-captions-buttons":{"width":"106"},"sidebar-box":{"sidebarcommand":"","width":"","src":""},"sidebar-title":{"value":""}},"chrome://browser/content/preferences/preferences.xul":{"BrowserPreferences":{"lastSelected":"paneMain","screenX":"390","screenY":"75"}},"chrome://pippki/content/certManager.xul":{"certcol":{"ordinal":"1"},"tokencol":{"ordinal":"3"},"sitecol":{"ordinal":"3"},"lifetimecol":{"ordinal":"5"},"expiredcol":{"ordinal":"9"},"serialnumcol":{"ordinal":"5"},"issuedcol":{"ordinal":"7"},"certmanagertabs":{"selectedIndex":"0"}}}